{"cameraMode":{"drawMode":0,"name":"Shaded","section":"Shading Mode"},"sceneLighting":true,"audioPlay":false,"sceneViewState":{"m_AlwaysRefresh":false,"showFog":true,"showSkybox":true,"showFlares":true,"showImageEffects":true,"showParticleSystems":true,"showVisualEffectGraphs":true,"m_FxEnabled":true},"in2DMode":false,"pivot":{"x":34.329288482666019,"y":2.9230093955993654,"z":39.84712219238281},"rotation":{"x":0.35210612416267397,"y":0.12684844434261323,"z":-0.048359110951423648,"w":0.9261941313743591},"size":2.113480567932129,"orthographic":false}