{"cameraMode":{"drawMode":0,"name":"Shaded","section":"Shading Mode"},"sceneLighting":true,"audioPlay":false,"sceneViewState":{"m_AlwaysRefresh":false,"showFog":true,"showSkybox":true,"showFlares":true,"showImageEffects":true,"showParticleSystems":true,"showVisualEffectGraphs":true,"m_FxEnabled":true},"in2DMode":false,"pivot":{"x":18.852184295654298,"y":0.41302475333213808,"z":37.837223052978519},"rotation":{"x":-0.1328861117362976,"y":0.6002277731895447,"z":-0.10198796540498734,"w":-0.7820702791213989},"size":12.12435531616211,"orthographic":false}